measure_name,datum,state_id,state_name,first_year,last_year,footnotes,sources
"% change in the no. of clinics",-17,AL,Alabama,2011,2014,,"Abortion Incidence and Service Availability in the United States, 2014, Rachel K. Jones, Jenna Jerman <https://www.guttmacher.org/journals/psrh/2017/01/abortion-incidence-and-service-availability-united-states-2014>"
"% change in the no. of clinics",-25,AK,Alaska,2011,2014,,"Abortion Incidence and Service Availability in the United States, 2014, Rachel K. Jones, Jenna Jerman <https://www.guttmacher.org/journals/psrh/2017/01/abortion-incidence-and-service-availability-united-states-2014>"
"% change in the no. of clinics",-40,AZ,Arizona,2011,2014,,"Abortion Incidence and Service Availability in the United States, 2014, Rachel K. Jones, Jenna Jerman <https://www.guttmacher.org/journals/psrh/2017/01/abortion-incidence-and-service-availability-united-states-2014>"
"% change in the no. of clinics",0,AR,Arkansas,2011,2014,,"Abortion Incidence and Service Availability in the United States, 2014, Rachel K. Jones, Jenna Jerman <https://www.guttmacher.org/journals/psrh/2017/01/abortion-incidence-and-service-availability-united-states-2014>"
"% change in the no. of clinics",-5,CA,California,2011,2014,,"Abortion Incidence and Service Availability in the United States, 2014, Rachel K. Jones, Jenna Jerman <https://www.guttmacher.org/journals/psrh/2017/01/abortion-incidence-and-service-availability-united-states-2014>"
"% change in the no. of clinics",-13,CO,Colorado,2011,2014,,"Abortion Incidence and Service Availability in the United States, 2014, Rachel K. Jones, Jenna Jerman <https://www.guttmacher.org/journals/psrh/2017/01/abortion-incidence-and-service-availability-united-states-2014>"
"% change in the no. of clinics",19,CT,Connecticut,2011,2014,,"Abortion Incidence and Service Availability in the United States, 2014, Rachel K. Jones, Jenna Jerman <https://www.guttmacher.org/journals/psrh/2017/01/abortion-incidence-and-service-availability-united-states-2014>"
"% change in the no. of clinics",-25,DE,Delaware,2011,2014,,"Abortion Incidence and Service Availability in the United States, 2014, Rachel K. Jones, Jenna Jerman <https://www.guttmacher.org/journals/psrh/2017/01/abortion-incidence-and-service-availability-united-states-2014>"
"% change in the no. of clinics",0,DC,"District of Columbia",2011,2014,,"Abortion Incidence and Service Availability in the United States, 2014, Rachel K. Jones, Jenna Jerman <https://www.guttmacher.org/journals/psrh/2017/01/abortion-incidence-and-service-availability-united-states-2014>"
"% change in the no. of clinics",-1,FL,Florida,2011,2014,,"Abortion Incidence and Service Availability in the United States, 2014, Rachel K. Jones, Jenna Jerman <https://www.guttmacher.org/journals/psrh/2017/01/abortion-incidence-and-service-availability-united-states-2014>"
"% change in the no. of clinics",-11,GA,Georgia,2011,2014,,"Abortion Incidence and Service Availability in the United States, 2014, Rachel K. Jones, Jenna Jerman <https://www.guttmacher.org/journals/psrh/2017/01/abortion-incidence-and-service-availability-united-states-2014>"
"% change in the no. of clinics",-33,HI,Hawaii,2011,2014,,"Abortion Incidence and Service Availability in the United States, 2014, Rachel K. Jones, Jenna Jerman <https://www.guttmacher.org/journals/psrh/2017/01/abortion-incidence-and-service-availability-united-states-2014>"
"% change in the no. of clinics",50,ID,Idaho,2011,2014,,"Abortion Incidence and Service Availability in the United States, 2014, Rachel K. Jones, Jenna Jerman <https://www.guttmacher.org/journals/psrh/2017/01/abortion-incidence-and-service-availability-united-states-2014>"
"% change in the no. of clinics",-8,IL,Illinois,2011,2014,,"Abortion Incidence and Service Availability in the United States, 2014, Rachel K. Jones, Jenna Jerman <https://www.guttmacher.org/journals/psrh/2017/01/abortion-incidence-and-service-availability-united-states-2014>"
"% change in the no. of clinics",-10,IN,Indiana,2011,2014,,"Abortion Incidence and Service Availability in the United States, 2014, Rachel K. Jones, Jenna Jerman <https://www.guttmacher.org/journals/psrh/2017/01/abortion-incidence-and-service-availability-united-states-2014>"
"% change in the no. of clinics",-29,IA,Iowa,2011,2014,,"Abortion Incidence and Service Availability in the United States, 2014, Rachel K. Jones, Jenna Jerman <https://www.guttmacher.org/journals/psrh/2017/01/abortion-incidence-and-service-availability-united-states-2014>"
"% change in the no. of clinics",33,KS,Kansas,2011,2014,,"Abortion Incidence and Service Availability in the United States, 2014, Rachel K. Jones, Jenna Jerman <https://www.guttmacher.org/journals/psrh/2017/01/abortion-incidence-and-service-availability-united-states-2014>"
"% change in the no. of clinics",0,KY,Kentucky,2011,2014,,"Abortion Incidence and Service Availability in the United States, 2014, Rachel K. Jones, Jenna Jerman <https://www.guttmacher.org/journals/psrh/2017/01/abortion-incidence-and-service-availability-united-states-2014>"
"% change in the no. of clinics",-29,LA,Louisiana,2011,2014,,"Abortion Incidence and Service Availability in the United States, 2014, Rachel K. Jones, Jenna Jerman <https://www.guttmacher.org/journals/psrh/2017/01/abortion-incidence-and-service-availability-united-states-2014>"
"% change in the no. of clinics",-20,ME,Maine,2011,2014,,"Abortion Incidence and Service Availability in the United States, 2014, Rachel K. Jones, Jenna Jerman <https://www.guttmacher.org/journals/psrh/2017/01/abortion-incidence-and-service-availability-united-states-2014>"
"% change in the no. of clinics",19,MD,Maryland,2011,2014,,"Abortion Incidence and Service Availability in the United States, 2014, Rachel K. Jones, Jenna Jerman <https://www.guttmacher.org/journals/psrh/2017/01/abortion-incidence-and-service-availability-united-states-2014>"
"% change in the no. of clinics",17,MA,Massachusetts,2011,2014,,"Abortion Incidence and Service Availability in the United States, 2014, Rachel K. Jones, Jenna Jerman <https://www.guttmacher.org/journals/psrh/2017/01/abortion-incidence-and-service-availability-united-states-2014>"
"% change in the no. of clinics",-33,MI,Michigan,2011,2014,,"Abortion Incidence and Service Availability in the United States, 2014, Rachel K. Jones, Jenna Jerman <https://www.guttmacher.org/journals/psrh/2017/01/abortion-incidence-and-service-availability-united-states-2014>"
"% change in the no. of clinics",-14,MN,Minnesota,2011,2014,,"Abortion Incidence and Service Availability in the United States, 2014, Rachel K. Jones, Jenna Jerman <https://www.guttmacher.org/journals/psrh/2017/01/abortion-incidence-and-service-availability-united-states-2014>"
"% change in the no. of clinics",0,MS,Mississippi,2011,2014,,"Abortion Incidence and Service Availability in the United States, 2014, Rachel K. Jones, Jenna Jerman <https://www.guttmacher.org/journals/psrh/2017/01/abortion-incidence-and-service-availability-united-states-2014>"
"% change in the no. of clinics",-75,MO,Missouri,2011,2014,,"Abortion Incidence and Service Availability in the United States, 2014, Rachel K. Jones, Jenna Jerman <https://www.guttmacher.org/journals/psrh/2017/01/abortion-incidence-and-service-availability-united-states-2014>"
"% change in the no. of clinics",-29,MT,Montana,2011,2014,,"Abortion Incidence and Service Availability in the United States, 2014, Rachel K. Jones, Jenna Jerman <https://www.guttmacher.org/journals/psrh/2017/01/abortion-incidence-and-service-availability-united-states-2014>"
"% change in the no. of clinics",0,NE,Nebraska,2011,2014,,"Abortion Incidence and Service Availability in the United States, 2014, Rachel K. Jones, Jenna Jerman <https://www.guttmacher.org/journals/psrh/2017/01/abortion-incidence-and-service-availability-united-states-2014>"
"% change in the no. of clinics",0,NV,Nevada,2011,2014,,"Abortion Incidence and Service Availability in the United States, 2014, Rachel K. Jones, Jenna Jerman <https://www.guttmacher.org/journals/psrh/2017/01/abortion-incidence-and-service-availability-united-states-2014>"
"% change in the no. of clinics",-20,NH,"New Hampshire",2011,2014,,"Abortion Incidence and Service Availability in the United States, 2014, Rachel K. Jones, Jenna Jerman <https://www.guttmacher.org/journals/psrh/2017/01/abortion-incidence-and-service-availability-united-states-2014>"
"% change in the no. of clinics",71,NJ,"New Jersey",2011,2014,,"Abortion Incidence and Service Availability in the United States, 2014, Rachel K. Jones, Jenna Jerman <https://www.guttmacher.org/journals/psrh/2017/01/abortion-incidence-and-service-availability-united-states-2014>"
"% change in the no. of clinics",29,NM,"New Mexico",2011,2014,,"Abortion Incidence and Service Availability in the United States, 2014, Rachel K. Jones, Jenna Jerman <https://www.guttmacher.org/journals/psrh/2017/01/abortion-incidence-and-service-availability-united-states-2014>"
"% change in the no. of clinics",1,NY,"New York",2011,2014,,"Abortion Incidence and Service Availability in the United States, 2014, Rachel K. Jones, Jenna Jerman <https://www.guttmacher.org/journals/psrh/2017/01/abortion-incidence-and-service-availability-united-states-2014>"
"% change in the no. of clinics",-24,NC,"North Carolina",2011,2014,,"Abortion Incidence and Service Availability in the United States, 2014, Rachel K. Jones, Jenna Jerman <https://www.guttmacher.org/journals/psrh/2017/01/abortion-incidence-and-service-availability-united-states-2014>"
"% change in the no. of clinics",0,ND,"North Dakota",2011,2014,,"Abortion Incidence and Service Availability in the United States, 2014, Rachel K. Jones, Jenna Jerman <https://www.guttmacher.org/journals/psrh/2017/01/abortion-incidence-and-service-availability-united-states-2014>"
"% change in the no. of clinics",-33,OH,Ohio,2011,2014,,"Abortion Incidence and Service Availability in the United States, 2014, Rachel K. Jones, Jenna Jerman <https://www.guttmacher.org/journals/psrh/2017/01/abortion-incidence-and-service-availability-united-states-2014>"
"% change in the no. of clinics",0,OK,Oklahoma,2011,2014,,"Abortion Incidence and Service Availability in the United States, 2014, Rachel K. Jones, Jenna Jerman <https://www.guttmacher.org/journals/psrh/2017/01/abortion-incidence-and-service-availability-united-states-2014>"
"% change in the no. of clinics",0,OR,Oregon,2011,2014,,"Abortion Incidence and Service Availability in the United States, 2014, Rachel K. Jones, Jenna Jerman <https://www.guttmacher.org/journals/psrh/2017/01/abortion-incidence-and-service-availability-united-states-2014>"
"% change in the no. of clinics",0,PA,Pennsylvania,2011,2014,,"Abortion Incidence and Service Availability in the United States, 2014, Rachel K. Jones, Jenna Jerman <https://www.guttmacher.org/journals/psrh/2017/01/abortion-incidence-and-service-availability-united-states-2014>"
"% change in the no. of clinics",50,RI,"Rhode Island",2011,2014,,"Abortion Incidence and Service Availability in the United States, 2014, Rachel K. Jones, Jenna Jerman <https://www.guttmacher.org/journals/psrh/2017/01/abortion-incidence-and-service-availability-united-states-2014>"
"% change in the no. of clinics",0,SC,"South Carolina",2011,2014,,"Abortion Incidence and Service Availability in the United States, 2014, Rachel K. Jones, Jenna Jerman <https://www.guttmacher.org/journals/psrh/2017/01/abortion-incidence-and-service-availability-united-states-2014>"
"% change in the no. of clinics",0,SD,"South Dakota",2011,2014,,"Abortion Incidence and Service Availability in the United States, 2014, Rachel K. Jones, Jenna Jerman <https://www.guttmacher.org/journals/psrh/2017/01/abortion-incidence-and-service-availability-united-states-2014>"
"% change in the no. of clinics",-22,TN,Tennessee,2011,2014,,"Abortion Incidence and Service Availability in the United States, 2014, Rachel K. Jones, Jenna Jerman <https://www.guttmacher.org/journals/psrh/2017/01/abortion-incidence-and-service-availability-united-states-2014>"
"% change in the no. of clinics",-39,TX,Texas,2011,2014,,"Abortion Incidence and Service Availability in the United States, 2014, Rachel K. Jones, Jenna Jerman <https://www.guttmacher.org/journals/psrh/2017/01/abortion-incidence-and-service-availability-united-states-2014>"
"% change in the no. of clinics",-50,UT,Utah,2011,2014,,"Abortion Incidence and Service Availability in the United States, 2014, Rachel K. Jones, Jenna Jerman <https://www.guttmacher.org/journals/psrh/2017/01/abortion-incidence-and-service-availability-united-states-2014>"
"% change in the no. of clinics",100,VT,Vermont,2011,2014,,"Abortion Incidence and Service Availability in the United States, 2014, Rachel K. Jones, Jenna Jerman <https://www.guttmacher.org/journals/psrh/2017/01/abortion-incidence-and-service-availability-united-states-2014>"
"% change in the no. of clinics",-14,VA,Virginia,2011,2014,,"Abortion Incidence and Service Availability in the United States, 2014, Rachel K. Jones, Jenna Jerman <https://www.guttmacher.org/journals/psrh/2017/01/abortion-incidence-and-service-availability-united-states-2014>"
"% change in the no. of clinics",3,WA,Washington,2011,2014,,"Abortion Incidence and Service Availability in the United States, 2014, Rachel K. Jones, Jenna Jerman <https://www.guttmacher.org/journals/psrh/2017/01/abortion-incidence-and-service-availability-united-states-2014>"
"% change in the no. of clinics",0,WV,"West Virginia",2011,2014,,"Abortion Incidence and Service Availability in the United States, 2014, Rachel K. Jones, Jenna Jerman <https://www.guttmacher.org/journals/psrh/2017/01/abortion-incidence-and-service-availability-united-states-2014>"
"% change in the no. of clinics",0,WI,Wisconsin,2011,2014,,"Abortion Incidence and Service Availability in the United States, 2014, Rachel K. Jones, Jenna Jerman <https://www.guttmacher.org/journals/psrh/2017/01/abortion-incidence-and-service-availability-united-states-2014>"
"% change in the no. of clinics",0,WY,Wyoming,2011,2014,,"Abortion Incidence and Service Availability in the United States, 2014, Rachel K. Jones, Jenna Jerman <https://www.guttmacher.org/journals/psrh/2017/01/abortion-incidence-and-service-availability-united-states-2014>"
"Change in the no. of clinics",-1,AL,Alabama,2011,2014,,"Abortion Incidence and Service Availability in the United States, 2014, Rachel K. Jones, Jenna Jerman <https://www.guttmacher.org/journals/psrh/2017/01/abortion-incidence-and-service-availability-united-states-2014>"
"Change in the no. of clinics",-1,AK,Alaska,2011,2014,,"Abortion Incidence and Service Availability in the United States, 2014, Rachel K. Jones, Jenna Jerman <https://www.guttmacher.org/journals/psrh/2017/01/abortion-incidence-and-service-availability-united-states-2014>"
"Change in the no. of clinics",-6,AZ,Arizona,2011,2014,,"Abortion Incidence and Service Availability in the United States, 2014, Rachel K. Jones, Jenna Jerman <https://www.guttmacher.org/journals/psrh/2017/01/abortion-incidence-and-service-availability-united-states-2014>"
"Change in the no. of clinics",0,AR,Arkansas,2011,2014,,"Abortion Incidence and Service Availability in the United States, 2014, Rachel K. Jones, Jenna Jerman <https://www.guttmacher.org/journals/psrh/2017/01/abortion-incidence-and-service-availability-united-states-2014>"
"Change in the no. of clinics",-8,CA,California,2011,2014,,"Abortion Incidence and Service Availability in the United States, 2014, Rachel K. Jones, Jenna Jerman <https://www.guttmacher.org/journals/psrh/2017/01/abortion-incidence-and-service-availability-united-states-2014>"
"Change in the no. of clinics",-3,CO,Colorado,2011,2014,,"Abortion Incidence and Service Availability in the United States, 2014, Rachel K. Jones, Jenna Jerman <https://www.guttmacher.org/journals/psrh/2017/01/abortion-incidence-and-service-availability-united-states-2014>"
"Change in the no. of clinics",4,CT,Connecticut,2011,2014,,"Abortion Incidence and Service Availability in the United States, 2014, Rachel K. Jones, Jenna Jerman <https://www.guttmacher.org/journals/psrh/2017/01/abortion-incidence-and-service-availability-united-states-2014>"
"Change in the no. of clinics",-1,DE,Delaware,2011,2014,,"Abortion Incidence and Service Availability in the United States, 2014, Rachel K. Jones, Jenna Jerman <https://www.guttmacher.org/journals/psrh/2017/01/abortion-incidence-and-service-availability-united-states-2014>"
"Change in the no. of clinics",0,DC,"District of Columbia",2011,2014,,"Abortion Incidence and Service Availability in the United States, 2014, Rachel K. Jones, Jenna Jerman <https://www.guttmacher.org/journals/psrh/2017/01/abortion-incidence-and-service-availability-united-states-2014>"
"Change in the no. of clinics",-1,FL,Florida,2011,2014,,"Abortion Incidence and Service Availability in the United States, 2014, Rachel K. Jones, Jenna Jerman <https://www.guttmacher.org/journals/psrh/2017/01/abortion-incidence-and-service-availability-united-states-2014>"
"Change in the no. of clinics",-2,GA,Georgia,2011,2014,,"Abortion Incidence and Service Availability in the United States, 2014, Rachel K. Jones, Jenna Jerman <https://www.guttmacher.org/journals/psrh/2017/01/abortion-incidence-and-service-availability-united-states-2014>"
"Change in the no. of clinics",-2,HI,Hawaii,2011,2014,,"Abortion Incidence and Service Availability in the United States, 2014, Rachel K. Jones, Jenna Jerman <https://www.guttmacher.org/journals/psrh/2017/01/abortion-incidence-and-service-availability-united-states-2014>"
"Change in the no. of clinics",1,ID,Idaho,2011,2014,,"Abortion Incidence and Service Availability in the United States, 2014, Rachel K. Jones, Jenna Jerman <https://www.guttmacher.org/journals/psrh/2017/01/abortion-incidence-and-service-availability-united-states-2014>"
"Change in the no. of clinics",-2,IL,Illinois,2011,2014,,"Abortion Incidence and Service Availability in the United States, 2014, Rachel K. Jones, Jenna Jerman <https://www.guttmacher.org/journals/psrh/2017/01/abortion-incidence-and-service-availability-united-states-2014>"
"Change in the no. of clinics",-1,IN,Indiana,2011,2014,,"Abortion Incidence and Service Availability in the United States, 2014, Rachel K. Jones, Jenna Jerman <https://www.guttmacher.org/journals/psrh/2017/01/abortion-incidence-and-service-availability-united-states-2014>"
"Change in the no. of clinics",-5,IA,Iowa,2011,2014,,"Abortion Incidence and Service Availability in the United States, 2014, Rachel K. Jones, Jenna Jerman <https://www.guttmacher.org/journals/psrh/2017/01/abortion-incidence-and-service-availability-united-states-2014>"
"Change in the no. of clinics",1,KS,Kansas,2011,2014,,"Abortion Incidence and Service Availability in the United States, 2014, Rachel K. Jones, Jenna Jerman <https://www.guttmacher.org/journals/psrh/2017/01/abortion-incidence-and-service-availability-united-states-2014>"
"Change in the no. of clinics",0,KY,Kentucky,2011,2014,,"Abortion Incidence and Service Availability in the United States, 2014, Rachel K. Jones, Jenna Jerman <https://www.guttmacher.org/journals/psrh/2017/01/abortion-incidence-and-service-availability-united-states-2014>"
"Change in the no. of clinics",-2,LA,Louisiana,2011,2014,,"Abortion Incidence and Service Availability in the United States, 2014, Rachel K. Jones, Jenna Jerman <https://www.guttmacher.org/journals/psrh/2017/01/abortion-incidence-and-service-availability-united-states-2014>"
"Change in the no. of clinics",-1,ME,Maine,2011,2014,,"Abortion Incidence and Service Availability in the United States, 2014, Rachel K. Jones, Jenna Jerman <https://www.guttmacher.org/journals/psrh/2017/01/abortion-incidence-and-service-availability-united-states-2014>"
"Change in the no. of clinics",4,MD,Maryland,2011,2014,,"Abortion Incidence and Service Availability in the United States, 2014, Rachel K. Jones, Jenna Jerman <https://www.guttmacher.org/journals/psrh/2017/01/abortion-incidence-and-service-availability-united-states-2014>"
"Change in the no. of clinics",2,MA,Massachusetts,2011,2014,,"Abortion Incidence and Service Availability in the United States, 2014, Rachel K. Jones, Jenna Jerman <https://www.guttmacher.org/journals/psrh/2017/01/abortion-incidence-and-service-availability-united-states-2014>"
"Change in the no. of clinics",-10,MI,Michigan,2011,2014,,"Abortion Incidence and Service Availability in the United States, 2014, Rachel K. Jones, Jenna Jerman <https://www.guttmacher.org/journals/psrh/2017/01/abortion-incidence-and-service-availability-united-states-2014>"
"Change in the no. of clinics",-1,MN,Minnesota,2011,2014,,"Abortion Incidence and Service Availability in the United States, 2014, Rachel K. Jones, Jenna Jerman <https://www.guttmacher.org/journals/psrh/2017/01/abortion-incidence-and-service-availability-united-states-2014>"
"Change in the no. of clinics",0,MS,Mississippi,2011,2014,,"Abortion Incidence and Service Availability in the United States, 2014, Rachel K. Jones, Jenna Jerman <https://www.guttmacher.org/journals/psrh/2017/01/abortion-incidence-and-service-availability-united-states-2014>"
"Change in the no. of clinics",-3,MO,Missouri,2011,2014,,"Abortion Incidence and Service Availability in the United States, 2014, Rachel K. Jones, Jenna Jerman <https://www.guttmacher.org/journals/psrh/2017/01/abortion-incidence-and-service-availability-united-states-2014>"
"Change in the no. of clinics",-2,MT,Montana,2011,2014,,"Abortion Incidence and Service Availability in the United States, 2014, Rachel K. Jones, Jenna Jerman <https://www.guttmacher.org/journals/psrh/2017/01/abortion-incidence-and-service-availability-united-states-2014>"
"Change in the no. of clinics",0,NE,Nebraska,2011,2014,,"Abortion Incidence and Service Availability in the United States, 2014, Rachel K. Jones, Jenna Jerman <https://www.guttmacher.org/journals/psrh/2017/01/abortion-incidence-and-service-availability-united-states-2014>"
"Change in the no. of clinics",0,NV,Nevada,2011,2014,,"Abortion Incidence and Service Availability in the United States, 2014, Rachel K. Jones, Jenna Jerman <https://www.guttmacher.org/journals/psrh/2017/01/abortion-incidence-and-service-availability-united-states-2014>"
"Change in the no. of clinics",-1,NH,"New Hampshire",2011,2014,,"Abortion Incidence and Service Availability in the United States, 2014, Rachel K. Jones, Jenna Jerman <https://www.guttmacher.org/journals/psrh/2017/01/abortion-incidence-and-service-availability-united-states-2014>"
"Change in the no. of clinics",17,NJ,"New Jersey",2011,2014,,"Abortion Incidence and Service Availability in the United States, 2014, Rachel K. Jones, Jenna Jerman <https://www.guttmacher.org/journals/psrh/2017/01/abortion-incidence-and-service-availability-united-states-2014>"
"Change in the no. of clinics",2,NM,"New Mexico",2011,2014,,"Abortion Incidence and Service Availability in the United States, 2014, Rachel K. Jones, Jenna Jerman <https://www.guttmacher.org/journals/psrh/2017/01/abortion-incidence-and-service-availability-united-states-2014>"
"Change in the no. of clinics",1,NY,"New York",2011,2014,,"Abortion Incidence and Service Availability in the United States, 2014, Rachel K. Jones, Jenna Jerman <https://www.guttmacher.org/journals/psrh/2017/01/abortion-incidence-and-service-availability-united-states-2014>"
"Change in the no. of clinics",-5,NC,"North Carolina",2011,2014,,"Abortion Incidence and Service Availability in the United States, 2014, Rachel K. Jones, Jenna Jerman <https://www.guttmacher.org/journals/psrh/2017/01/abortion-incidence-and-service-availability-united-states-2014>"
"Change in the no. of clinics",0,ND,"North Dakota",2011,2014,,"Abortion Incidence and Service Availability in the United States, 2014, Rachel K. Jones, Jenna Jerman <https://www.guttmacher.org/journals/psrh/2017/01/abortion-incidence-and-service-availability-united-states-2014>"
"Change in the no. of clinics",-6,OH,Ohio,2011,2014,,"Abortion Incidence and Service Availability in the United States, 2014, Rachel K. Jones, Jenna Jerman <https://www.guttmacher.org/journals/psrh/2017/01/abortion-incidence-and-service-availability-united-states-2014>"
"Change in the no. of clinics",0,OK,Oklahoma,2011,2014,,"Abortion Incidence and Service Availability in the United States, 2014, Rachel K. Jones, Jenna Jerman <https://www.guttmacher.org/journals/psrh/2017/01/abortion-incidence-and-service-availability-united-states-2014>"
"Change in the no. of clinics",0,OR,Oregon,2011,2014,,"Abortion Incidence and Service Availability in the United States, 2014, Rachel K. Jones, Jenna Jerman <https://www.guttmacher.org/journals/psrh/2017/01/abortion-incidence-and-service-availability-united-states-2014>"
"Change in the no. of clinics",0,PA,Pennsylvania,2011,2014,,"Abortion Incidence and Service Availability in the United States, 2014, Rachel K. Jones, Jenna Jerman <https://www.guttmacher.org/journals/psrh/2017/01/abortion-incidence-and-service-availability-united-states-2014>"
"Change in the no. of clinics",1,RI,"Rhode Island",2011,2014,,"Abortion Incidence and Service Availability in the United States, 2014, Rachel K. Jones, Jenna Jerman <https://www.guttmacher.org/journals/psrh/2017/01/abortion-incidence-and-service-availability-united-states-2014>"
"Change in the no. of clinics",0,SC,"South Carolina",2011,2014,,"Abortion Incidence and Service Availability in the United States, 2014, Rachel K. Jones, Jenna Jerman <https://www.guttmacher.org/journals/psrh/2017/01/abortion-incidence-and-service-availability-united-states-2014>"
"Change in the no. of clinics",0,SD,"South Dakota",2011,2014,,"Abortion Incidence and Service Availability in the United States, 2014, Rachel K. Jones, Jenna Jerman <https://www.guttmacher.org/journals/psrh/2017/01/abortion-incidence-and-service-availability-united-states-2014>"
"Change in the no. of clinics",-2,TN,Tennessee,2011,2014,,"Abortion Incidence and Service Availability in the United States, 2014, Rachel K. Jones, Jenna Jerman <https://www.guttmacher.org/journals/psrh/2017/01/abortion-incidence-and-service-availability-united-states-2014>"
"Change in the no. of clinics",-18,TX,Texas,2011,2014,,"Abortion Incidence and Service Availability in the United States, 2014, Rachel K. Jones, Jenna Jerman <https://www.guttmacher.org/journals/psrh/2017/01/abortion-incidence-and-service-availability-united-states-2014>"
"Change in the no. of clinics",-2,UT,Utah,2011,2014,,"Abortion Incidence and Service Availability in the United States, 2014, Rachel K. Jones, Jenna Jerman <https://www.guttmacher.org/journals/psrh/2017/01/abortion-incidence-and-service-availability-united-states-2014>"
"Change in the no. of clinics",3,VT,Vermont,2011,2014,,"Abortion Incidence and Service Availability in the United States, 2014, Rachel K. Jones, Jenna Jerman <https://www.guttmacher.org/journals/psrh/2017/01/abortion-incidence-and-service-availability-united-states-2014>"
"Change in the no. of clinics",-3,VA,Virginia,2011,2014,,"Abortion Incidence and Service Availability in the United States, 2014, Rachel K. Jones, Jenna Jerman <https://www.guttmacher.org/journals/psrh/2017/01/abortion-incidence-and-service-availability-united-states-2014>"
"Change in the no. of clinics",1,WA,Washington,2011,2014,,"Abortion Incidence and Service Availability in the United States, 2014, Rachel K. Jones, Jenna Jerman <https://www.guttmacher.org/journals/psrh/2017/01/abortion-incidence-and-service-availability-united-states-2014>"
"Change in the no. of clinics",0,WV,"West Virginia",2011,2014,,"Abortion Incidence and Service Availability in the United States, 2014, Rachel K. Jones, Jenna Jerman <https://www.guttmacher.org/journals/psrh/2017/01/abortion-incidence-and-service-availability-united-states-2014>"
"Change in the no. of clinics",0,WI,Wisconsin,2011,2014,,"Abortion Incidence and Service Availability in the United States, 2014, Rachel K. Jones, Jenna Jerman <https://www.guttmacher.org/journals/psrh/2017/01/abortion-incidence-and-service-availability-united-states-2014>"
"Change in the no. of clinics",0,WY,Wyoming,2011,2014,,"Abortion Incidence and Service Availability in the United States, 2014, Rachel K. Jones, Jenna Jerman <https://www.guttmacher.org/journals/psrh/2017/01/abortion-incidence-and-service-availability-united-states-2014>"
"No. of clinics",5,AL,Alabama,2014,n/a,,"Abortion Incidence and Service Availability in the United States, 2014, Rachel K. Jones, Jenna Jerman <https://www.guttmacher.org/journals/psrh/2017/01/abortion-incidence-and-service-availability-united-states-2014>"
"No. of clinics",3,AK,Alaska,2014,n/a,,"Abortion Incidence and Service Availability in the United States, 2014, Rachel K. Jones, Jenna Jerman <https://www.guttmacher.org/journals/psrh/2017/01/abortion-incidence-and-service-availability-united-states-2014>"
"No. of clinics",9,AZ,Arizona,2014,n/a,,"Abortion Incidence and Service Availability in the United States, 2014, Rachel K. Jones, Jenna Jerman <https://www.guttmacher.org/journals/psrh/2017/01/abortion-incidence-and-service-availability-united-states-2014>"
"No. of clinics",3,AR,Arkansas,2014,n/a,,"Abortion Incidence and Service Availability in the United States, 2014, Rachel K. Jones, Jenna Jerman <https://www.guttmacher.org/journals/psrh/2017/01/abortion-incidence-and-service-availability-united-states-2014>"
"No. of clinics",152,CA,California,2014,n/a,,"Abortion Incidence and Service Availability in the United States, 2014, Rachel K. Jones, Jenna Jerman <https://www.guttmacher.org/journals/psrh/2017/01/abortion-incidence-and-service-availability-united-states-2014>"
"No. of clinics",21,CO,Colorado,2014,n/a,,"Abortion Incidence and Service Availability in the United States, 2014, Rachel K. Jones, Jenna Jerman <https://www.guttmacher.org/journals/psrh/2017/01/abortion-incidence-and-service-availability-united-states-2014>"
"No. of clinics",25,CT,Connecticut,2014,n/a,,"Abortion Incidence and Service Availability in the United States, 2014, Rachel K. Jones, Jenna Jerman <https://www.guttmacher.org/journals/psrh/2017/01/abortion-incidence-and-service-availability-united-states-2014>"
"No. of clinics",3,DE,Delaware,2014,n/a,,"Abortion Incidence and Service Availability in the United States, 2014, Rachel K. Jones, Jenna Jerman <https://www.guttmacher.org/journals/psrh/2017/01/abortion-incidence-and-service-availability-united-states-2014>"
"No. of clinics",5,DC,"District of Columbia",2014,n/a,,"Abortion Incidence and Service Availability in the United States, 2014, Rachel K. Jones, Jenna Jerman <https://www.guttmacher.org/journals/psrh/2017/01/abortion-incidence-and-service-availability-united-states-2014>"
"No. of clinics",71,FL,Florida,2014,n/a,,"Abortion Incidence and Service Availability in the United States, 2014, Rachel K. Jones, Jenna Jerman <https://www.guttmacher.org/journals/psrh/2017/01/abortion-incidence-and-service-availability-united-states-2014>"
"No. of clinics",17,GA,Georgia,2014,n/a,,"Abortion Incidence and Service Availability in the United States, 2014, Rachel K. Jones, Jenna Jerman <https://www.guttmacher.org/journals/psrh/2017/01/abortion-incidence-and-service-availability-united-states-2014>"
"No. of clinics",4,HI,Hawaii,2014,n/a,,"Abortion Incidence and Service Availability in the United States, 2014, Rachel K. Jones, Jenna Jerman <https://www.guttmacher.org/journals/psrh/2017/01/abortion-incidence-and-service-availability-united-states-2014>"
"No. of clinics",3,ID,Idaho,2014,n/a,,"Abortion Incidence and Service Availability in the United States, 2014, Rachel K. Jones, Jenna Jerman <https://www.guttmacher.org/journals/psrh/2017/01/abortion-incidence-and-service-availability-united-states-2014>"
"No. of clinics",24,IL,Illinois,2014,n/a,,"Abortion Incidence and Service Availability in the United States, 2014, Rachel K. Jones, Jenna Jerman <https://www.guttmacher.org/journals/psrh/2017/01/abortion-incidence-and-service-availability-united-states-2014>"
"No. of clinics",9,IN,Indiana,2014,n/a,,"Abortion Incidence and Service Availability in the United States, 2014, Rachel K. Jones, Jenna Jerman <https://www.guttmacher.org/journals/psrh/2017/01/abortion-incidence-and-service-availability-united-states-2014>"
"No. of clinics",12,IA,Iowa,2014,n/a,,"Abortion Incidence and Service Availability in the United States, 2014, Rachel K. Jones, Jenna Jerman <https://www.guttmacher.org/journals/psrh/2017/01/abortion-incidence-and-service-availability-united-states-2014>"
"No. of clinics",4,KS,Kansas,2014,n/a,,"Abortion Incidence and Service Availability in the United States, 2014, Rachel K. Jones, Jenna Jerman <https://www.guttmacher.org/journals/psrh/2017/01/abortion-incidence-and-service-availability-united-states-2014>"
"No. of clinics",2,KY,Kentucky,2014,n/a,,"Abortion Incidence and Service Availability in the United States, 2014, Rachel K. Jones, Jenna Jerman <https://www.guttmacher.org/journals/psrh/2017/01/abortion-incidence-and-service-availability-united-states-2014>"
"No. of clinics",5,LA,Louisiana,2014,n/a,,"Abortion Incidence and Service Availability in the United States, 2014, Rachel K. Jones, Jenna Jerman <https://www.guttmacher.org/journals/psrh/2017/01/abortion-incidence-and-service-availability-united-states-2014>"
"No. of clinics",4,ME,Maine,2014,n/a,,"Abortion Incidence and Service Availability in the United States, 2014, Rachel K. Jones, Jenna Jerman <https://www.guttmacher.org/journals/psrh/2017/01/abortion-incidence-and-service-availability-united-states-2014>"
"No. of clinics",25,MD,Maryland,2014,n/a,,"Abortion Incidence and Service Availability in the United States, 2014, Rachel K. Jones, Jenna Jerman <https://www.guttmacher.org/journals/psrh/2017/01/abortion-incidence-and-service-availability-united-states-2014>"
"No. of clinics",14,MA,Massachusetts,2014,n/a,,"Abortion Incidence and Service Availability in the United States, 2014, Rachel K. Jones, Jenna Jerman <https://www.guttmacher.org/journals/psrh/2017/01/abortion-incidence-and-service-availability-united-states-2014>"
"No. of clinics",20,MI,Michigan,2014,n/a,,"Abortion Incidence and Service Availability in the United States, 2014, Rachel K. Jones, Jenna Jerman <https://www.guttmacher.org/journals/psrh/2017/01/abortion-incidence-and-service-availability-united-states-2014>"
"No. of clinics",6,MN,Minnesota,2014,n/a,,"Abortion Incidence and Service Availability in the United States, 2014, Rachel K. Jones, Jenna Jerman <https://www.guttmacher.org/journals/psrh/2017/01/abortion-incidence-and-service-availability-united-states-2014>"
"No. of clinics",1,MS,Mississippi,2014,n/a,,"Abortion Incidence and Service Availability in the United States, 2014, Rachel K. Jones, Jenna Jerman <https://www.guttmacher.org/journals/psrh/2017/01/abortion-incidence-and-service-availability-united-states-2014>"
"No. of clinics",1,MO,Missouri,2014,n/a,,"Abortion Incidence and Service Availability in the United States, 2014, Rachel K. Jones, Jenna Jerman <https://www.guttmacher.org/journals/psrh/2017/01/abortion-incidence-and-service-availability-united-states-2014>"
"No. of clinics",5,MT,Montana,2014,n/a,,"Abortion Incidence and Service Availability in the United States, 2014, Rachel K. Jones, Jenna Jerman <https://www.guttmacher.org/journals/psrh/2017/01/abortion-incidence-and-service-availability-united-states-2014>"
"No. of clinics",3,NE,Nebraska,2014,n/a,,"Abortion Incidence and Service Availability in the United States, 2014, Rachel K. Jones, Jenna Jerman <https://www.guttmacher.org/journals/psrh/2017/01/abortion-incidence-and-service-availability-united-states-2014>"
"No. of clinics",8,NV,Nevada,2014,n/a,,"Abortion Incidence and Service Availability in the United States, 2014, Rachel K. Jones, Jenna Jerman <https://www.guttmacher.org/journals/psrh/2017/01/abortion-incidence-and-service-availability-united-states-2014>"
"No. of clinics",4,NH,"New Hampshire",2014,n/a,,"Abortion Incidence and Service Availability in the United States, 2014, Rachel K. Jones, Jenna Jerman <https://www.guttmacher.org/journals/psrh/2017/01/abortion-incidence-and-service-availability-united-states-2014>"
"No. of clinics",41,NJ,"New Jersey",2014,n/a,,"Abortion Incidence and Service Availability in the United States, 2014, Rachel K. Jones, Jenna Jerman <https://www.guttmacher.org/journals/psrh/2017/01/abortion-incidence-and-service-availability-united-states-2014>"
"No. of clinics",9,NM,"New Mexico",2014,n/a,,"Abortion Incidence and Service Availability in the United States, 2014, Rachel K. Jones, Jenna Jerman <https://www.guttmacher.org/journals/psrh/2017/01/abortion-incidence-and-service-availability-united-states-2014>"
"No. of clinics",95,NY,"New York",2014,n/a,,"Abortion Incidence and Service Availability in the United States, 2014, Rachel K. Jones, Jenna Jerman <https://www.guttmacher.org/journals/psrh/2017/01/abortion-incidence-and-service-availability-united-states-2014>"
"No. of clinics",16,NC,"North Carolina",2014,n/a,,"Abortion Incidence and Service Availability in the United States, 2014, Rachel K. Jones, Jenna Jerman <https://www.guttmacher.org/journals/psrh/2017/01/abortion-incidence-and-service-availability-united-states-2014>"
"No. of clinics",1,ND,"North Dakota",2014,n/a,,"Abortion Incidence and Service Availability in the United States, 2014, Rachel K. Jones, Jenna Jerman <https://www.guttmacher.org/journals/psrh/2017/01/abortion-incidence-and-service-availability-united-states-2014>"
"No. of clinics",12,OH,Ohio,2014,n/a,,"Abortion Incidence and Service Availability in the United States, 2014, Rachel K. Jones, Jenna Jerman <https://www.guttmacher.org/journals/psrh/2017/01/abortion-incidence-and-service-availability-united-states-2014>"
"No. of clinics",3,OK,Oklahoma,2014,n/a,,"Abortion Incidence and Service Availability in the United States, 2014, Rachel K. Jones, Jenna Jerman <https://www.guttmacher.org/journals/psrh/2017/01/abortion-incidence-and-service-availability-united-states-2014>"
"No. of clinics",15,OR,Oregon,2014,n/a,,"Abortion Incidence and Service Availability in the United States, 2014, Rachel K. Jones, Jenna Jerman <https://www.guttmacher.org/journals/psrh/2017/01/abortion-incidence-and-service-availability-united-states-2014>"
"No. of clinics",20,PA,Pennsylvania,2014,n/a,,"Abortion Incidence and Service Availability in the United States, 2014, Rachel K. Jones, Jenna Jerman <https://www.guttmacher.org/journals/psrh/2017/01/abortion-incidence-and-service-availability-united-states-2014>"
"No. of clinics",3,RI,"Rhode Island",2014,n/a,,"Abortion Incidence and Service Availability in the United States, 2014, Rachel K. Jones, Jenna Jerman <https://www.guttmacher.org/journals/psrh/2017/01/abortion-incidence-and-service-availability-united-states-2014>"
"No. of clinics",3,SC,"South Carolina",2014,n/a,,"Abortion Incidence and Service Availability in the United States, 2014, Rachel K. Jones, Jenna Jerman <https://www.guttmacher.org/journals/psrh/2017/01/abortion-incidence-and-service-availability-united-states-2014>"
"No. of clinics",1,SD,"South Dakota",2014,n/a,,"Abortion Incidence and Service Availability in the United States, 2014, Rachel K. Jones, Jenna Jerman <https://www.guttmacher.org/journals/psrh/2017/01/abortion-incidence-and-service-availability-united-states-2014>"
"No. of clinics",7,TN,Tennessee,2014,n/a,,"Abortion Incidence and Service Availability in the United States, 2014, Rachel K. Jones, Jenna Jerman <https://www.guttmacher.org/journals/psrh/2017/01/abortion-incidence-and-service-availability-united-states-2014>"
"No. of clinics",28,TX,Texas,2014,n/a,,"Abortion Incidence and Service Availability in the United States, 2014, Rachel K. Jones, Jenna Jerman <https://www.guttmacher.org/journals/psrh/2017/01/abortion-incidence-and-service-availability-united-states-2014>"
"No. of clinics",2,UT,Utah,2014,n/a,,"Abortion Incidence and Service Availability in the United States, 2014, Rachel K. Jones, Jenna Jerman <https://www.guttmacher.org/journals/psrh/2017/01/abortion-incidence-and-service-availability-united-states-2014>"
"No. of clinics",6,VT,Vermont,2014,n/a,,"Abortion Incidence and Service Availability in the United States, 2014, Rachel K. Jones, Jenna Jerman <https://www.guttmacher.org/journals/psrh/2017/01/abortion-incidence-and-service-availability-united-states-2014>"
"No. of clinics",18,VA,Virginia,2014,n/a,,"Abortion Incidence and Service Availability in the United States, 2014, Rachel K. Jones, Jenna Jerman <https://www.guttmacher.org/journals/psrh/2017/01/abortion-incidence-and-service-availability-united-states-2014>"
"No. of clinics",33,WA,Washington,2014,n/a,,"Abortion Incidence and Service Availability in the United States, 2014, Rachel K. Jones, Jenna Jerman <https://www.guttmacher.org/journals/psrh/2017/01/abortion-incidence-and-service-availability-united-states-2014>"
"No. of clinics",2,WV,"West Virginia",2014,n/a,,"Abortion Incidence and Service Availability in the United States, 2014, Rachel K. Jones, Jenna Jerman <https://www.guttmacher.org/journals/psrh/2017/01/abortion-incidence-and-service-availability-united-states-2014>"
"No. of clinics",4,WI,Wisconsin,2014,n/a,,"Abortion Incidence and Service Availability in the United States, 2014, Rachel K. Jones, Jenna Jerman <https://www.guttmacher.org/journals/psrh/2017/01/abortion-incidence-and-service-availability-united-states-2014>"
"No. of clinics",1,WY,Wyoming,2014,n/a,,"Abortion Incidence and Service Availability in the United States, 2014, Rachel K. Jones, Jenna Jerman <https://www.guttmacher.org/journals/psrh/2017/01/abortion-incidence-and-service-availability-united-states-2014>"
